{
  "POST /cart" : {
    "transaction" : "POST /cart",
    "sampleCount" : 50,
    "errorCount" : 0,
    "errorPct" : 0.0,
    "meanResTime" : 146.14,
    "medianResTime" : 140.0,
    "minResTime" : 60.0,
    "maxResTime" : 259.0,
    "pct1ResTime" : 252.8,
    "pct2ResTime" : 255.89999999999998,
    "pct3ResTime" : 259.0,
    "throughput" : 1.7251492254079979,
    "receivedKBytesPerSec" : 0.39196603396818824,
    "sentKBytesPerSec" : 0.6499634484007867
  },
  "GET /products" : {
    "transaction" : "GET /products",
    "sampleCount" : 50,
    "errorCount" : 0,
    "errorPct" : 0.0,
    "meanResTime" : 138.82,
    "medianResTime" : 143.5,
    "minResTime" : 50.0,
    "maxResTime" : 199.0,
    "pct1ResTime" : 188.9,
    "pct2ResTime" : 194.89999999999998,
    "pct3ResTime" : 199.0,
    "throughput" : 1.7283097131005876,
    "receivedKBytesPerSec" : 0.47427248963014174,
    "sentKBytesPerSec" : 0.5161299904942965
  },
  "Total" : {
    "transaction" : "Total",
    "sampleCount" : 250,
    "errorCount" : 0,
    "errorPct" : 0.0,
    "meanResTime" : 139.52400000000006,
    "medianResTime" : 136.5,
    "minResTime" : 0.0,
    "maxResTime" : 408.0,
    "pct1ResTime" : 287.6,
    "pct2ResTime" : 345.34999999999997,
    "pct3ResTime" : 394.33000000000015,
    "throughput" : 8.32251406504877,
    "receivedKBytesPerSec" : 2.2079044637804186,
    "sentKBytesPerSec" : 2.81018139959719
  },
  "POST /auth (login)" : {
    "transaction" : "POST /auth (login)",
    "sampleCount" : 50,
    "errorCount" : 0,
    "errorPct" : 0.0,
    "meanResTime" : 141.0,
    "medianResTime" : 138.5,
    "minResTime" : 85.0,
    "maxResTime" : 201.0,
    "pct1ResTime" : 193.8,
    "pct2ResTime" : 199.35,
    "pct3ResTime" : 201.0,
    "throughput" : 1.727772210511766,
    "receivedKBytesPerSec" : 0.6408280132347351,
    "sentKBytesPerSec" : 0.6314130045094855
  },
  "GET /health" : {
    "transaction" : "GET /health",
    "sampleCount" : 50,
    "errorCount" : 0,
    "errorPct" : 0.0,
    "meanResTime" : 1.4400000000000002,
    "medianResTime" : 1.0,
    "minResTime" : 0.0,
    "maxResTime" : 28.0,
    "pct1ResTime" : 1.0,
    "pct2ResTime" : 2.0,
    "pct3ResTime" : 28.0,
    "throughput" : 1.7042743199945463,
    "receivedKBytesPerSec" : 0.3611596947644693,
    "sentKBytesPerSec" : 0.454695062717295
  },
  "POST /checkout" : {
    "transaction" : "POST /checkout",
    "sampleCount" : 50,
    "errorCount" : 0,
    "errorPct" : 0.0,
    "meanResTime" : 270.22,
    "medianResTime" : 286.0,
    "minResTime" : 124.0,
    "maxResTime" : 408.0,
    "pct1ResTime" : 372.6,
    "pct2ResTime" : 393.6499999999999,
    "pct3ResTime" : 408.0,
    "throughput" : 1.7247921625444134,
    "receivedKBytesPerSec" : 0.4174536030908275,
    "sentKBytesPerSec" : 0.6565663915623168
  }
}