{
  "POST /cart" : {
    "transaction" : "POST /cart",
    "sampleCount" : 100,
    "errorCount" : 0,
    "errorPct" : 0.0,
    "meanResTime" : 161.03999999999996,
    "medianResTime" : 157.0,
    "minResTime" : 65.0,
    "maxResTime" : 260.0,
    "pct1ResTime" : 253.70000000000002,
    "pct2ResTime" : 256.0,
    "pct3ResTime" : 260.0,
    "throughput" : 3.2430679422733903,
    "receivedKBytesPerSec" : 0.7370695334035998,
    "sentKBytesPerSec" : 1.2223579130857791
  },
  "GET /products" : {
    "transaction" : "GET /products",
    "sampleCount" : 100,
    "errorCount" : 0,
    "errorPct" : 0.0,
    "meanResTime" : 137.47,
    "medianResTime" : 141.0,
    "minResTime" : 53.0,
    "maxResTime" : 199.0,
    "pct1ResTime" : 191.0,
    "pct2ResTime" : 195.95,
    "pct3ResTime" : 199.0,
    "throughput" : 3.2535137948984905,
    "receivedKBytesPerSec" : 0.8928099378578865,
    "sentKBytesPerSec" : 0.9721143366085372
  },
  "Total" : {
    "transaction" : "Total",
    "sampleCount" : 500,
    "errorCount" : 0,
    "errorPct" : 0.0,
    "meanResTime" : 139.74,
    "medianResTime" : 137.5,
    "minResTime" : 0.0,
    "maxResTime" : 419.0,
    "pct1ResTime" : 263.60000000000014,
    "pct2ResTime" : 326.79999999999995,
    "pct3ResTime" : 413.82000000000016,
    "throughput" : 15.581177937052042,
    "receivedKBytesPerSec" : 4.133881271424119,
    "sentKBytesPerSec" : 5.264886111327516
  },
  "POST /auth (login)" : {
    "transaction" : "POST /auth (login)",
    "sampleCount" : 100,
    "errorCount" : 0,
    "errorPct" : 0.0,
    "meanResTime" : 136.86,
    "medianResTime" : 129.0,
    "minResTime" : 81.0,
    "maxResTime" : 201.0,
    "pct1ResTime" : 191.70000000000002,
    "pct2ResTime" : 196.95,
    "pct3ResTime" : 201.0,
    "throughput" : 3.2455941060011035,
    "receivedKBytesPerSec" : 1.2042929067540813,
    "sentKBytesPerSec" : 1.1875261168900717
  },
  "GET /health" : {
    "transaction" : "GET /health",
    "sampleCount" : 100,
    "errorCount" : 0,
    "errorPct" : 0.0,
    "meanResTime" : 1.1400000000000001,
    "medianResTime" : 1.0,
    "minResTime" : 0.0,
    "maxResTime" : 26.0,
    "pct1ResTime" : 1.0,
    "pct2ResTime" : 1.0,
    "pct3ResTime" : 25.759999999999877,
    "throughput" : 3.2089336713410135,
    "receivedKBytesPerSec" : 0.6800181705869139,
    "sentKBytesPerSec" : 0.8570735928825851
  },
  "POST /checkout" : {
    "transaction" : "POST /checkout",
    "sampleCount" : 100,
    "errorCount" : 0,
    "errorPct" : 0.0,
    "meanResTime" : 262.1899999999999,
    "medianResTime" : 260.5,
    "minResTime" : 123.0,
    "maxResTime" : 419.0,
    "pct1ResTime" : 380.8,
    "pct2ResTime" : 413.0999999999998,
    "pct3ResTime" : 418.99,
    "throughput" : 3.2246622166328076,
    "receivedKBytesPerSec" : 0.7800596461739383,
    "sentKBytesPerSec" : 1.2280168730450485
  }
}