{
  "POST /cart" : {
    "transaction" : "POST /cart",
    "sampleCount" : 50,
    "errorCount" : 0,
    "errorPct" : 0.0,
    "meanResTime" : 155.79999999999998,
    "medianResTime" : 149.5,
    "minResTime" : 63.0,
    "maxResTime" : 258.0,
    "pct1ResTime" : 240.0,
    "pct2ResTime" : 250.24999999999997,
    "pct3ResTime" : 258.0,
    "throughput" : 1.7206965379585655,
    "receivedKBytesPerSec" : 0.39092074471746163,
    "sentKBytesPerSec" : 0.6482858636175924
  },
  "GET /products" : {
    "transaction" : "GET /products",
    "sampleCount" : 50,
    "errorCount" : 0,
    "errorPct" : 0.0,
    "meanResTime" : 118.06000000000002,
    "medianResTime" : 109.5,
    "minResTime" : 54.0,
    "maxResTime" : 198.0,
    "pct1ResTime" : 177.8,
    "pct2ResTime" : 186.74999999999994,
    "pct3ResTime" : 198.0,
    "throughput" : 1.719749604457591,
    "receivedKBytesPerSec" : 0.4719234754419756,
    "sentKBytesPerSec" : 0.5135736611749329
  },
  "Total" : {
    "transaction" : "Total",
    "sampleCount" : 250,
    "errorCount" : 0,
    "errorPct" : 0.0,
    "meanResTime" : 138.25199999999998,
    "medianResTime" : 135.5,
    "minResTime" : 1.0,
    "maxResTime" : 420.0,
    "pct1ResTime" : 281.6,
    "pct2ResTime" : 336.24999999999994,
    "pct3ResTime" : 403.9000000000001,
    "throughput" : 8.274309922552458,
    "receivedKBytesPerSec" : 2.1948253500033097,
    "sentKBytesPerSec" : 2.793904781309989
  },
  "POST /auth (login)" : {
    "transaction" : "POST /auth (login)",
    "sampleCount" : 50,
    "errorCount" : 0,
    "errorPct" : 0.0,
    "meanResTime" : 141.43999999999997,
    "medianResTime" : 142.0,
    "minResTime" : 83.0,
    "maxResTime" : 196.0,
    "pct1ResTime" : 185.6,
    "pct2ResTime" : 191.89999999999998,
    "pct3ResTime" : 196.0,
    "throughput" : 1.7176228100309172,
    "receivedKBytesPerSec" : 0.6370636164548266,
    "sentKBytesPerSec" : 0.6277039140329783
  },
  "GET /health" : {
    "transaction" : "GET /health",
    "sampleCount" : 50,
    "errorCount" : 0,
    "errorPct" : 0.0,
    "meanResTime" : 1.8199999999999998,
    "medianResTime" : 1.0,
    "minResTime" : 1.0,
    "maxResTime" : 33.0,
    "pct1ResTime" : 2.0,
    "pct2ResTime" : 2.0,
    "pct3ResTime" : 33.0,
    "throughput" : 1.6879346431706164,
    "receivedKBytesPerSec" : 0.3576970874687732,
    "sentKBytesPerSec" : 0.45033568800216056
  },
  "POST /checkout" : {
    "transaction" : "POST /checkout",
    "sampleCount" : 50,
    "errorCount" : 0,
    "errorPct" : 0.0,
    "meanResTime" : 274.1400000000001,
    "medianResTime" : 280.0,
    "minResTime" : 131.0,
    "maxResTime" : 420.0,
    "pct1ResTime" : 381.9,
    "pct2ResTime" : 403.49999999999994,
    "pct3ResTime" : 420.0,
    "throughput" : 1.721644514840576,
    "receivedKBytesPerSec" : 0.4164227670270642,
    "sentKBytesPerSec" : 0.6553681952000551
  }
}